<?xml version="1.0" encoding="UTF-8"?>
<beans xmlns="http://www.springframework.org/schema/beans"
	xmlns:xsi="http://www.w3.org/2001/XMLSchema-instance"
	xsi:schemaLocation="http://www.springframework.org/schema/beans http://www.springframework.org/schema/beans/spring-beans.xsd">
	
	<!-- Root Context: defines shared resources visible to all other web components -->

	<!-- dataSource 설정 : DB접속정보 -->
	<bean id="dataSourceSpied" class="org.springframework.jdbc.datasource.DriverManagerDataSource">
		<property name="driverClassName" value="oracle.jdbc.driver.OracleDriver"/>
		<property name="url" value="jdbc:oracle:thin:@localhost:1521:xe" />
		<property name="username" value="scott" />
		<property name="password" value="tiger" />
	</bean>
	
	<!-- jdbc logger -->
	<bean id="dataSource" class="net.sf.log4jdbc.Log4jdbcProxyDataSource">
		<constructor-arg ref="dataSourceSpied" />
		<property name="logFormatter">
			<bean class="net.sf.log4jdbc.tools.Log4JdbcCustomFormatter">
				<property name="loggingType" value="MULTI_LINE" />
				<property name="sqlPrefix" value="SQL:::" />
			</bean>	
		</property>
	</bean>
	
	<!-- SqlSessionFactory 설정 : MyBatis 수행 객체 -->
	<bean id="SqlSessionFactory" class="org.mybatis.spring.SqlSessionFactoryBean">
		<property name="dataSource" ref="dataSource" />
		<property name="configLocation"
		 value="classpath:mybatis-config.xml" />
		<property name="mapperLocations"
		 value="classpath:/mvc/dao/*DaoImpl.xml" />
	</bean>
	
	<!-- DAO 등록 : MyBatis 인터페이스 -->
	<bean class="org.mybatis.spring.mapper.MapperScannerConfigurer">
		<property name="basePackage" value="mvc.dao" />
	</bean>

</beans>





